id;reference_paiment;factures_concernees;montant;methode_de_paiement;date;statut;details_paiement;user_id;person_id;currency;payment_url;get_status_url;details_requete;terminal_number;secret_key;brute_response;documents;signed;signed_docs;transaction_id;timestamp
1;Orchestrator Cheese;../fake-data/blob/hipster.txt;67416;Games Program;2021-01-06T13:39:37;Intelligent;../fake-data/blob/hipster.txt;34883;Gloves deposit;card niches feed;bluetooth Rapids B2B;Designer;../fake-data/blob/hipster.txt;Shore;monetize Table;../fake-data/blob/hipster.txt;../fake-data/blob/hipster.txt;true;../fake-data/blob/hipster.txt;Face to face invoice;79433
2;Frozen Bouvet Island (Bouvetoya);../fake-data/blob/hipster.txt;70591;silver Intuitive;2021-01-06T15:42:46;action-items deliverables;../fake-data/blob/hipster.txt;70592;Checking Account Zambia Utah;PCI users;data-warehouse Towels Division;quantify Metal orange;../fake-data/blob/hipster.txt;payment copying Clothing;SSL neural compressing;../fake-data/blob/hipster.txt;../fake-data/blob/hipster.txt;false;../fake-data/blob/hipster.txt;Refined Frozen Soap invoice;95172
3;online Borders;../fake-data/blob/hipster.txt;78145;Buckinghamshire Delaware;2021-01-07T05:49:04;Practical Soft Towels New York Technician;../fake-data/blob/hipster.txt;52506;extensible Product Clothing;maximize COM best-of-breed;Berkshire FTP;architect;../fake-data/blob/hipster.txt;Berkshire Marketing;deposit magnetic Division;../fake-data/blob/hipster.txt;../fake-data/blob/hipster.txt;false;../fake-data/blob/hipster.txt;connect invoice Tasty Rubber Soap;21258
4;structure customer loyalty;../fake-data/blob/hipster.txt;20793;wireless Savings Account;2021-01-07T09:02:52;Unbranded Fresh Shoes Executive;../fake-data/blob/hipster.txt;45771;Home Loan Account Optimization;Steel;channels Moldova Pants;Steel microchip hack;../fake-data/blob/hipster.txt;Concrete;Mountains;../fake-data/blob/hipster.txt;../fake-data/blob/hipster.txt;true;../fake-data/blob/hipster.txt;users;48617
5;Avon generate;../fake-data/blob/hipster.txt;23390;Synchronised;2021-01-07T10:11:55;Planner Mississippi deliverables;../fake-data/blob/hipster.txt;26762;Bacon leverage Latvian Lats;New Hampshire multi-byte Gorgeous;Clothing magenta;Cotton connect customer loyalty;../fake-data/blob/hipster.txt;explicit;card Awesome Concrete Table Savings Account;../fake-data/blob/hipster.txt;../fake-data/blob/hipster.txt;false;../fake-data/blob/hipster.txt;Solutions synthesizing;40042
6;Bedfordshire Place;../fake-data/blob/hipster.txt;48050;revolutionize web-enabled;2021-01-07T01:04:57;wireless Wisconsin;../fake-data/blob/hipster.txt;99629;Cambridgeshire;Credit Card Account;ADP scalable;didactic system Cotton;../fake-data/blob/hipster.txt;users Egypt;Idaho;../fake-data/blob/hipster.txt;../fake-data/blob/hipster.txt;true;../fake-data/blob/hipster.txt;Garden Pa'anga;71813
7;Nevada;../fake-data/blob/hipster.txt;40639;AGP;2021-01-07T00:05:57;Virgin Islands, U.S. auxiliary SCSI;../fake-data/blob/hipster.txt;30754;Computers;Cambridgeshire calculate;Bahraini Dinar Borders;Sri Lanka Rupee;../fake-data/blob/hipster.txt;Small;Borders Principal;../fake-data/blob/hipster.txt;../fake-data/blob/hipster.txt;false;../fake-data/blob/hipster.txt;Cotton Checking Account Road;64858
8;quantifying;../fake-data/blob/hipster.txt;21353;Via;2021-01-06T20:40:16;Indian Rupee Quality;../fake-data/blob/hipster.txt;47220;revolutionary European Unit of Account 9(E.U.A.-9);web services array;Data;copying Research cross-platform;../fake-data/blob/hipster.txt;scalable Executive;system Clothing;../fake-data/blob/hipster.txt;../fake-data/blob/hipster.txt;false;../fake-data/blob/hipster.txt;Factors synthesizing Shoes;44846
9;Keyboard compressing Brooks;../fake-data/blob/hipster.txt;19399;Tuna;2021-01-06T16:37:01;deliverables SSL;../fake-data/blob/hipster.txt;40204;harness transmitter;Executive;open-source Planner;interface;../fake-data/blob/hipster.txt;Tasty Cotton Shoes tan enhance;Regional;../fake-data/blob/hipster.txt;../fake-data/blob/hipster.txt;true;../fake-data/blob/hipster.txt;monitor;94529
10;Handmade Valleys;../fake-data/blob/hipster.txt;72814;extensible Place;2021-01-06T21:32:19;Avon Utah definition;../fake-data/blob/hipster.txt;88493;Practical customer loyalty program;Granite system;envisioneer Union Solutions;Architect Missouri database;../fake-data/blob/hipster.txt;Generic Crest;Colombian Peso Unidad de Valor Real Optional;../fake-data/blob/hipster.txt;../fake-data/blob/hipster.txt;false;../fake-data/blob/hipster.txt;Plastic Computers collaborative;6176
