id;type_demande;id_dossier;statut_dossier;url_document
1;firewall;array Borders expedite;analyzing programming;bypass port
2;Borders;driver invoice;Health West Virginia;Iowa haptic
3;Route Credit Card Account connecting;Quality customized open architecture;transmitting Kids magnetic;deposit
4;multi-byte transmitting green;index cross-media;system;Buckinghamshire
5;Ergonomic Wooden Chicken;Function-based integrated deposit;Bedfordshire Connecticut;Intelligent COM interface
6;Awesome Incredible Fresh Car;Ohio invoice Centers;redundant mobile;redundant
7;Savings Account Saint Vincent and the Grenadines navigate;parallelism incubate;Industrial holistic;Reactive Operations facilitate
8;Internal Clothing Grocery;Movies;Direct;program Zambian Kwacha Checking Account
9;fuchsia Clothing Incredible;capacity Practical RAM;Lilangeni transparent;JBOD Fantastic
10;South Africa Assistant Ghana;Representative Personal Loan Account synergize;Oklahoma San Marino teal;Investor transmitting Buckinghamshire
