id;type;statut;date;contenu;motif_ou_description;date_traitement;employeur;gestionnaire_id;old_eyes
1;Exclusive Manager;Meadow;2022-03-28T08:19:44;../fake-data/blob/hipster.txt;../fake-data/blob/hipster.txt;2022-03-27T18:35:19;Tanzanian Shilling framework Auto Loan Account;763;../fake-data/blob/hipster.txt
2;infrastructure;Refined Wooden Mouse Paradigm;2022-03-27T19:17:30;../fake-data/blob/hipster.txt;../fake-data/blob/hipster.txt;2022-03-28T03:42:31;implement;83175;../fake-data/blob/hipster.txt
3;Ohio throughput Metrics;orange Markets;2022-03-28T09:15:24;../fake-data/blob/hipster.txt;../fake-data/blob/hipster.txt;2022-03-28T04:32:59;Self-enabling;70703;../fake-data/blob/hipster.txt
4;program;navigate;2022-03-27T17:21:25;../fake-data/blob/hipster.txt;../fake-data/blob/hipster.txt;2022-03-28T08:47:14;THX calculate;33810;../fake-data/blob/hipster.txt
5;Dong back-end Checking Account;payment deposit Rustic;2022-03-28T06:41:21;../fake-data/blob/hipster.txt;../fake-data/blob/hipster.txt;2022-03-28T07:07:28;generating online distributed;32907;../fake-data/blob/hipster.txt
6;Lead Bacon;Group;2022-03-27T13:23:10;../fake-data/blob/hipster.txt;../fake-data/blob/hipster.txt;2022-03-27T17:07:13;supply-chains PNG;45394;../fake-data/blob/hipster.txt
7;Savings Account e-business Producer;back-end;2022-03-28T00:32:38;../fake-data/blob/hipster.txt;../fake-data/blob/hipster.txt;2022-03-28T08:29:47;violet transmitter;96508;../fake-data/blob/hipster.txt
8;Metal bluetooth platforms;granular Product indigo;2022-03-28T09:33:46;../fake-data/blob/hipster.txt;../fake-data/blob/hipster.txt;2022-03-28T01:07:33;Guinea payment;63092;../fake-data/blob/hipster.txt
9;Michigan Investment Account array;Refined Wooden Chair;2022-03-27T13:32:50;../fake-data/blob/hipster.txt;../fake-data/blob/hipster.txt;2022-03-28T01:59:48;innovate mobile;43308;../fake-data/blob/hipster.txt
10;haptic;navigate GB;2022-03-27T23:58:12;../fake-data/blob/hipster.txt;../fake-data/blob/hipster.txt;2022-03-28T08:22:06;Maryland;22049;../fake-data/blob/hipster.txt
