id;id_employeur;status;date;user_id;file;reponsebrute;raison_social;autre_infos;employes_list
1;leverage;integrate Meadow;2021-03-30T01:46:18;59494;../fake-data/blob/hipster.txt;../fake-data/blob/hipster.txt;Savings Account;../fake-data/blob/hipster.txt;../fake-data/blob/hipster.txt
2;Awesome;Soft payment;2021-03-30T05:06:29;1364;../fake-data/blob/hipster.txt;../fake-data/blob/hipster.txt;transmit success Albania;../fake-data/blob/hipster.txt;../fake-data/blob/hipster.txt
3;facilitate;bandwidth back-end;2021-03-29T21:17:32;66958;../fake-data/blob/hipster.txt;../fake-data/blob/hipster.txt;Manager Cambridgeshire Unbranded;../fake-data/blob/hipster.txt;../fake-data/blob/hipster.txt
4;Metrics interactive Cove;structure;2021-03-30T00:01:58;47576;../fake-data/blob/hipster.txt;../fake-data/blob/hipster.txt;cyan;../fake-data/blob/hipster.txt;../fake-data/blob/hipster.txt
5;transmitting indigo Balboa US Dollar;evolve;2021-03-30T05:34:41;76822;../fake-data/blob/hipster.txt;../fake-data/blob/hipster.txt;local SQL indexing;../fake-data/blob/hipster.txt;../fake-data/blob/hipster.txt
6;maroon Boliviano Mvdol;Response Generic Cotton Chips;2021-03-30T01:09:18;97348;../fake-data/blob/hipster.txt;../fake-data/blob/hipster.txt;backing up;../fake-data/blob/hipster.txt;../fake-data/blob/hipster.txt
7;HTTP infomediaries;Gorgeous Fresh Shirt ivory invoice;2021-03-30T09:49:39;13894;../fake-data/blob/hipster.txt;../fake-data/blob/hipster.txt;open architecture;../fake-data/blob/hipster.txt;../fake-data/blob/hipster.txt
8;Sleek;distributed next-generation CSS;2021-03-29T17:58:09;44547;../fake-data/blob/hipster.txt;../fake-data/blob/hipster.txt;Home Sports South Dakota;../fake-data/blob/hipster.txt;../fake-data/blob/hipster.txt
9;even-keeled Frozen;iterate fuchsia;2021-03-29T19:39:04;76262;../fake-data/blob/hipster.txt;../fake-data/blob/hipster.txt;Russian Ruble;../fake-data/blob/hipster.txt;../fake-data/blob/hipster.txt
10;Awesome Steel Soap;FTP Bedfordshire multi-byte;2021-03-30T04:11:40;27590;../fake-data/blob/hipster.txt;../fake-data/blob/hipster.txt;seamless invoice Pizza;../fake-data/blob/hipster.txt;../fake-data/blob/hipster.txt
