id;name;url;document;document_content_type
1;Computers Home Loan Account;https://martin.name;../fake-data/blob/hipster.png;image/png
2;generating Solutions bus;https://noelia.name;../fake-data/blob/hipster.png;image/png
3;Sports;http://florida.net;../fake-data/blob/hipster.png;image/png
4;optical mission-critical content;https://avery.biz;../fake-data/blob/hipster.png;image/png
5;Orchestrator;http://abel.name;../fake-data/blob/hipster.png;image/png
6;Generic Metal Chips connecting Pre-emptive;http://jerry.com;../fake-data/blob/hipster.png;image/png
7;Toys;http://blaise.org;../fake-data/blob/hipster.png;image/png
8;Port Refined Soft Keyboard Surinam Dollar;http://issac.name;../fake-data/blob/hipster.png;image/png
9;Avon Applications;https://nia.biz;../fake-data/blob/hipster.png;image/png
10;Qatar Plastic Avon;http://arjun.name;../fake-data/blob/hipster.png;image/png
