id;type;numdoc;statusdoc;statusdesc;payload;type_identifiant;ninea;numero_unique;numero_css;numero_ipres;user;is_submit;created_at;employer_registration_form_id;employee_registration_form_id;zone_css;sector_css;zone_ipres;sector_ipres;agence_css;agence_ipres;taux_at;raison_sociale;registre_commerce
1;web-readiness Checking Account Group;Bedfordshire Tactics payment;hard drive Afghanistan Specialist;one-to-one;../fake-data/blob/hipster.txt;Burkina Faso quantifying;Savings Account Buckinghamshire Colorado;directional Mobility;Berkshire;Representative withdrawal;39318;true;2022-11-02T13:44:38;New Jersey TCP;application Agent;../fake-data/blob/hipster.txt;../fake-data/blob/hipster.txt;compress RAM solution;../fake-data/blob/hipster.txt;hacking Car;interfaces back-end Compatible;payment New Hampshire efficient;../fake-data/blob/hipster.txt;Credit Card Account Industrial Kansas
2;Bedfordshire relationships;input Sports Incredible Cotton Tuna;Fresh Health;Slovakia (Slovak Republic);../fake-data/blob/hipster.txt;Corporate Avon Awesome;deliverables Inlet matrix;pixel Legacy;online;Illinois empower;10076;false;2022-11-01T16:48:54;Credit Card Account Handmade;generate Jewelery PNG;../fake-data/blob/hipster.txt;../fake-data/blob/hipster.txt;Riel digital;../fake-data/blob/hipster.txt;Principal HDD Vermont;Pataca matrix Personal Loan Account;Personal Loan Account Pakistan Rupee;../fake-data/blob/hipster.txt;salmon
3;Falls;Berkshire redundant;index Metal Holy See (Vatican City State);didactic;../fake-data/blob/hipster.txt;Dynamic;Small;parsing;Data whiteboard Multi-channelled;Home Loan Account e-services policy;72817;true;2022-11-02T05:12:41;morph;Licensed transform;../fake-data/blob/hipster.txt;../fake-data/blob/hipster.txt;Unions;../fake-data/blob/hipster.txt;Sleek wireless website;back-end;Electronics compressing Facilitator;../fake-data/blob/hipster.txt;Vatu networks Open-architected
4;models projection Massachusetts;Bedfordshire Pizza Pants;Communications Checking Account Nevada;Pants Tuna;../fake-data/blob/hipster.txt;compress service-desk;Dominican Republic paradigms;Forward;maximized parse;Tasty Wooden Keyboard Practical Response;92549;true;2022-11-02T13:09:34;compelling;Forest Group Savings Account;../fake-data/blob/hipster.txt;../fake-data/blob/hipster.txt;Practical Rubber Hat;../fake-data/blob/hipster.txt;Pants navigating;driver;Hawaii;../fake-data/blob/hipster.txt;software withdrawal
5;Avon;Configurable;Future Alaska;paradigms Michigan;../fake-data/blob/hipster.txt;JSON monitor;SMTP Program East Caribbean Dollar;Balanced Avon;Optimization;Sports;57905;true;2022-11-01T16:25:44;card;Road vertical;../fake-data/blob/hipster.txt;../fake-data/blob/hipster.txt;magnetic withdrawal relationships;../fake-data/blob/hipster.txt;Balboa US Dollar;deliverables Plastic Web;Auto Loan Account Unbranded Granite Computer quantify;../fake-data/blob/hipster.txt;hacking matrix
6;Forge Auto Loan Account Awesome;clear-thinking cross-media;Liaison protocol;Sharable Organized;../fake-data/blob/hipster.txt;Granite;Frozen;Equatorial Guinea Handmade Cotton Keyboard;azure Chief;Personal Loan Account proactive;48389;false;2022-11-02T04:51:13;Concrete 1080p;Technician Som Myanmar;../fake-data/blob/hipster.txt;../fake-data/blob/hipster.txt;Kids;../fake-data/blob/hipster.txt;hacking;Toys;Fantastic Granite Salad moratorium;../fake-data/blob/hipster.txt;Bedfordshire
7;compress;firewall Generic;proactive open-source;magnetic e-services web services;../fake-data/blob/hipster.txt;Assistant SMTP;copy;Pennsylvania;envisioneer Junctions;Baby Bedfordshire;94175;true;2022-11-01T18:56:07;invoice budgetary management Optimization;bypassing pixel;../fake-data/blob/hipster.txt;../fake-data/blob/hipster.txt;Delaware;../fake-data/blob/hipster.txt;Fantastic Pre-emptive;International District;Latvian Lats Kuwait Quality-focused;../fake-data/blob/hipster.txt;Handmade Wooden Cheese navigating
8;Automated bi-directional Money Market Account;bi-directional program digital;USB;Internal Pa'anga;../fake-data/blob/hipster.txt;Home Highway;quantify scalable calculate;1080p Facilitator ADP;Kroon;Keyboard;65524;false;2022-11-02T07:56:11;mobile;revolutionary Exclusive Awesome Concrete Car;../fake-data/blob/hipster.txt;../fake-data/blob/hipster.txt;Radial;../fake-data/blob/hipster.txt;Cambridgeshire;Shoes Tactics;redundant port;../fake-data/blob/hipster.txt;Towels digital lime
9;strategic SQL Solomon Islands;Face to face;array Berkshire Sports;Table invoice Synchronised;../fake-data/blob/hipster.txt;multi-state haptic Awesome;Unbranded payment;programming;solution-oriented;transition Kwacha;99977;true;2022-11-02T11:40:05;blue;Plastic grey Incredible Wooden Pizza;../fake-data/blob/hipster.txt;../fake-data/blob/hipster.txt;Games Cambridgeshire;../fake-data/blob/hipster.txt;programming;Rubber Toys pixel;e-enable;../fake-data/blob/hipster.txt;Ergonomic
10;Idaho Interactions;Engineer Checking Account;ivory Greenland;interactive;../fake-data/blob/hipster.txt;monetize;Uruguay Rustic;Computers;HDD override Grocery;synthesize solution;72971;false;2022-11-02T01:45:40;1080p Car Concrete;synthesizing;../fake-data/blob/hipster.txt;../fake-data/blob/hipster.txt;Infrastructure convergence panel;../fake-data/blob/hipster.txt;strategize;Buckinghamshire Swedish Krona;Fresh Generic Steel Chair;../fake-data/blob/hipster.txt;deposit Rand Loti
