id;name;extension;entity_type;file;entity_id;created_at;user_created;description;child_id
1;PCI web services Gorgeous;Trinidad and Tobago Dollar;Pennsylvania;../fake-data/blob/hipster.txt;58948;2022-02-22T21:03:20;redundant Principal;../fake-data/blob/hipster.txt;59091
2;parse EXE Garden;bandwidth Vatu;Refined Alaska;../fake-data/blob/hipster.txt;4753;2022-02-22T19:34:50;Fresh;../fake-data/blob/hipster.txt;85667
3;action-items reboot;Maryland Borders;niches;../fake-data/blob/hipster.txt;86221;2022-02-22T11:06:26;portals;../fake-data/blob/hipster.txt;83211
4;Implemented;AGP cross-platform;Course;../fake-data/blob/hipster.txt;87549;2022-02-22T09:15:57;Intelligent Wooden Keyboard salmon;../fake-data/blob/hipster.txt;16269
5;National metrics Coordinator;Chips cultivate;iterate Fresh invoice;../fake-data/blob/hipster.txt;37847;2022-02-23T01:43:05;compress Berkshire District;../fake-data/blob/hipster.txt;49584
6;Global;Cotton Dale;Money Market Account navigate SAS;../fake-data/blob/hipster.txt;23434;2022-02-23T02:46:46;Rubber South Carolina Wooden;../fake-data/blob/hipster.txt;87528
7;Buckinghamshire;Facilitator systemic;Handmade;../fake-data/blob/hipster.txt;78184;2022-02-23T03:48:50;Borders;../fake-data/blob/hipster.txt;81360
8;program;Paradigm deposit solution;Divide iterate Tactics;../fake-data/blob/hipster.txt;27517;2022-02-22T17:28:46;optical Generic Rubber Chair;../fake-data/blob/hipster.txt;52212
9;quantifying Rubber deposit;flexibility;Money Market Account Cotton;../fake-data/blob/hipster.txt;78854;2022-02-23T00:51:18;Fantastic Rubber Chicken overriding;../fake-data/blob/hipster.txt;67750
10;JSON;Borders;Intelligent Rubber Salad;../fake-data/blob/hipster.txt;23172;2022-02-23T03:11:06;deposit deposit deliver;../fake-data/blob/hipster.txt;75654
