id;code;etat;date;toper
1;Assurance Tajikistan;Rustic SCSI Drive;2021-11-10T15:17:40;true
2;Group Parkway;Officer Implemented;2021-11-11T00:15:04;false
3;invoice function Berkshire;Dominican Peso;2021-11-10T22:49:59;false
4;CSS Awesome Frozen Fish Turnpike;Intelligent Fresh Computer;2021-11-10T22:58:41;false
5;Intelligent Frozen Gloves;incubate;2021-11-11T10:37:15;true
6;Pennsylvania Books Lead;Convertible Marks Web;2021-11-10T15:55:41;false
7;Auto Loan Account deposit;Malawi olive;2021-11-11T05:46:39;true
8;deposit Kenyan Shilling;Brazilian Real Bike;2021-11-11T03:59:02;false
9;Stravenue Data protocol;Stream SCSI;2021-11-10T23:31:37;true
10;logistical;Operations Home;2021-11-10T19:02:15;false
