id;nom;description;statut;demarre_le;termine_le;demarre_par;erreurs
1;sendDeclarations;../fake-data/blob/hipster.txt;Guernsey;2023-01-19T03:26:15;2023-01-19T12:52:49;Berkshire multi-byte optimize;../fake-data/blob/hipster.txt
2;Home;../fake-data/blob/hipster.txt;Bedfordshire;2023-01-19T08:50:50;2023-01-19T10:53:04;Keyboard Handmade Wooden Gloves Michigan;../fake-data/blob/hipster.txt
3;protocol Investment Account;../fake-data/blob/hipster.txt;local;2023-01-19T03:43:31;2023-01-18T20:43:26;Bahamian Dollar Legacy;../fake-data/blob/hipster.txt
4;Developer Bedfordshire Gorgeous Frozen Pizza;../fake-data/blob/hipster.txt;Home Loan Account capacitor;2023-01-19T03:14:48;2023-01-19T13:42:46;New Taiwan Dollar input;../fake-data/blob/hipster.txt
5;Rupiah Music Guyana Dollar;../fake-data/blob/hipster.txt;Credit Card Account;2023-01-19T11:05:46;2023-01-18T18:26:51;24/365 Plastic generating;../fake-data/blob/hipster.txt
6;Bermuda Streets HTTP;../fake-data/blob/hipster.txt;input;2023-01-19T13:27:55;2023-01-19T16:36:11;Fantastic Granite Table Personal Loan Account Hill;../fake-data/blob/hipster.txt
7;syndicate Internal programming;../fake-data/blob/hipster.txt;paradigm;2023-01-19T00:22:57;2023-01-18T22:58:21;Concrete Enhanced Quality;../fake-data/blob/hipster.txt
8;monitoring SSL Facilitator;../fake-data/blob/hipster.txt;calculating;2023-01-18T18:46:18;2023-01-19T07:21:33;Facilitator;../fake-data/blob/hipster.txt
9;Coves collaborative;../fake-data/blob/hipster.txt;Lead Wooden;2023-01-18T19:40:09;2023-01-19T12:34:13;Trail;../fake-data/blob/hipster.txt
10;Crossing Buckinghamshire;../fake-data/blob/hipster.txt;protocol Visionary SCSI;2023-01-19T13:29:06;2023-01-19T00:33:21;invoice lavender;../fake-data/blob/hipster.txt
