id;request;reponse;username;date
1;../fake-data/blob/hipster.txt;../fake-data/blob/hipster.txt;Money Market Account cross-platform Stravenue;2021-03-21T21:48:45
2;../fake-data/blob/hipster.txt;../fake-data/blob/hipster.txt;haptic national Practical Plastic Gloves;2021-03-21T20:08:35
3;../fake-data/blob/hipster.txt;../fake-data/blob/hipster.txt;Internal robust COM;2021-03-22T07:07:05
4;../fake-data/blob/hipster.txt;../fake-data/blob/hipster.txt;Chief invoice;2021-03-22T10:33:35
5;../fake-data/blob/hipster.txt;../fake-data/blob/hipster.txt;Belize Legacy Rubber;2021-03-21T21:12:41
6;../fake-data/blob/hipster.txt;../fake-data/blob/hipster.txt;Unbranded Plastic Hat;2021-03-22T11:58:16
7;../fake-data/blob/hipster.txt;../fake-data/blob/hipster.txt;maroon neural input;2021-03-22T10:53:35
8;../fake-data/blob/hipster.txt;../fake-data/blob/hipster.txt;cyan;2021-03-21T20:52:53
9;../fake-data/blob/hipster.txt;../fake-data/blob/hipster.txt;Tala;2021-03-22T00:40:30
10;../fake-data/blob/hipster.txt;../fake-data/blob/hipster.txt;red Ethiopian Birr;2021-03-22T10:33:12
